"severity","issueId","issueDescription","wcagConformance","url","context","howToFix","axeImpact","xpath","learnMore"
"mustFix","target-size","All touch targets must be 24px large, or leave sufficient space","wcag22aa,wcag258","http://0.0.0.0:8000/","<a id=""anchor-tag-with-href"" href=""/1.html"" role=""link"">                Anchor tag with href to page 1 (blacklisted)            </a>","Fix any of the following:   Target has insufficient size (1904px by 18.5px, should be at least 24px by 24px)   Target has insufficient space to its closest neighbors. Safe clickable space has a diameter of 13px instead of at least 24px.","serious","a[href=""/1.html""]","https://dequeuniversity.com/rules/axe/4.9/target-size?application=purple-a11y"
"mustFix","target-size","All touch targets must be 24px large, or leave sufficient space","wcag22aa,wcag258","http://0.0.0.0:8000/","<a id=""anchor-tag-with-href"" href=""/2.html"" role=""link"">                Anchor tag with href to page 2            </a>","Fix any of the following:   Target has insufficient size (1904px by 18.5px, should be at least 24px by 24px)   Target has insufficient space to its closest neighbors. Safe clickable space has a diameter of 13px instead of at least 24px.","serious","a[href=""/2.html""]","https://dequeuniversity.com/rules/axe/4.9/target-size?application=purple-a11y"
"mustFix","target-size","All touch targets must be 24px large, or leave sufficient space","wcag22aa,wcag258","http://0.0.0.0:8000/","<a id=""anchor-tag-with-href"" href=""/8.html"" role=""link"">                Anchor tag with href to page 8            </a>","Fix any of the following:   Target has insufficient size (1904px by 18.5px, should be at least 24px by 24px)   Target has insufficient space to its closest neighbors. Safe clickable space has a diameter of 13px instead of at least 24px.","serious","a[href=""/8.html""]","https://dequeuniversity.com/rules/axe/4.9/target-size?application=purple-a11y"
"mustFix","target-size","All touch targets must be 24px large, or leave sufficient space","wcag22aa,wcag258","http://0.0.0.0:8000/","<a id=""anchor-tag-with-href"" href=""/9.html"" role=""link"">                Anchor tag with href to page 9            </a>","Fix any of the following:   Target has insufficient size (1904px by 18.5px, should be at least 24px by 24px)   Target has insufficient space to its closest neighbors. Safe clickable space has a diameter of 13px instead of at least 24px.","serious","a[href=""/9.html""]","https://dequeuniversity.com/rules/axe/4.9/target-size?application=purple-a11y"
"mustFix","target-size","All touch targets must be 24px large, or leave sufficient space","wcag22aa,wcag258","http://0.0.0.0:8000/","<a id=""anchor-tag-with-href"" href=""/10.html"" role=""link"">                Anchor tag with href to page 10            </a>","Fix any of the following:   Target has insufficient size (1904px by 18.5px, should be at least 24px by 24px)   Target has insufficient space to its closest neighbors. Safe clickable space has a diameter of 13px instead of at least 24px.","serious","a[href$=""10.html""]","https://dequeuniversity.com/rules/axe/4.9/target-size?application=purple-a11y"
"mustFix","target-size","All touch targets must be 24px large, or leave sufficient space","wcag22aa,wcag258","http://0.0.0.0:8000/","<a id=""anchor-tag-with-href"" href=""/11.html"" role=""link"">                Anchor tag with href to page 11            </a>","Fix any of the following:   Target has insufficient size (1904px by 18.5px, should be at least 24px by 24px)   Target has insufficient space to its closest neighbors. Safe clickable space has a diameter of 13px instead of at least 24px.","serious","a[href$=""11.html""]","https://dequeuniversity.com/rules/axe/4.9/target-size?application=purple-a11y"
"mustFix","target-size","All touch targets must be 24px large, or leave sufficient space","wcag22aa,wcag258","http://0.0.0.0:8000/","<a id=""anchor-tag-with-href"" href=""/12.html"" role=""link"">                Anchor tag with href to page 12            </a>","Fix any of the following:   Target has insufficient size (1904px by 18.5px, should be at least 24px by 24px)   Target has insufficient space to its closest neighbors. Safe clickable space has a diameter of 13px instead of at least 24px.","serious","a[href$=""12.html""]","https://dequeuniversity.com/rules/axe/4.9/target-size?application=purple-a11y"
"mustFix","target-size","All touch targets must be 24px large, or leave sufficient space","wcag22aa,wcag258","http://0.0.0.0:8000/","<a id=""anchor-tag-with-href"" href=""/13.html"" role=""link"">                Anchor tag with href to page 13            </a>","Fix any of the following:   Target has insufficient size (1904px by 18.5px, should be at least 24px by 24px)   Target has insufficient space to its closest neighbors. Safe clickable space has a diameter of 13px instead of at least 24px.","serious","a[href$=""13.html""]","https://dequeuniversity.com/rules/axe/4.9/target-size?application=purple-a11y"
"mustFix","target-size","All touch targets must be 24px large, or leave sufficient space","wcag22aa,wcag258","http://0.0.0.0:8000/","<a id=""anchor-tag-with-href"" href=""/14.html"" role=""link"">                Anchor tag with href to page 14            </a>","Fix any of the following:   Target has insufficient size (1904px by 18.5px, should be at least 24px by 24px)   Target has insufficient space to its closest neighbors. Safe clickable space has a diameter of 13px instead of at least 24px.","serious","a[href$=""14.html""]","https://dequeuniversity.com/rules/axe/4.9/target-size?application=purple-a11y"
"mustFix","target-size","All touch targets must be 24px large, or leave sufficient space","wcag22aa,wcag258","http://0.0.0.0:8000/","<a id=""anchor-tag-with-href"" href=""/15.html"" role=""link"">                Anchor tag with href to page 15            </a>","Fix any of the following:   Target has insufficient size (1904px by 18.5px, should be at least 24px by 24px)   Target has insufficient space to its closest neighbors. Safe clickable space has a diameter of 13px instead of at least 24px.","serious","a[href$=""15.html""]","https://dequeuniversity.com/rules/axe/4.9/target-size?application=purple-a11y"
"mustFix","target-size","All touch targets must be 24px large, or leave sufficient space","wcag22aa,wcag258","http://0.0.0.0:8000/","<a id=""anchor-tag-with-href"" href=""/16.html"" role=""link"">                Anchor tag with href to page 16            </a>","Fix any of the following:   Target has insufficient size (1904px by 18.5px, should be at least 24px by 24px)   Target has insufficient space to its closest neighbors. Safe clickable space has a diameter of 13px instead of at least 24px.","serious","a[href$=""16.html""]","https://dequeuniversity.com/rules/axe/4.9/target-size?application=purple-a11y"
"mustFix","target-size","All touch targets must be 24px large, or leave sufficient space","wcag22aa,wcag258","http://0.0.0.0:8000/","<a id=""anchor-tag-with-href"" href=""/17.html"" role=""link"">                Anchor tag with href to page 17            </a>","Fix any of the following:   Target has insufficient size (1904px by 18.5px, should be at least 24px by 24px)   Target has insufficient space to its closest neighbors. Safe clickable space has a diameter of 13px instead of at least 24px.","serious","a[href$=""17.html""]","https://dequeuniversity.com/rules/axe/4.9/target-size?application=purple-a11y"
"mustFix","target-size","All touch targets must be 24px large, or leave sufficient space","wcag22aa,wcag258","http://0.0.0.0:8000/","<a id=""anchor-tag-with-href"" href=""/18.html"" role=""link"">                Anchor tag with href to page 18            </a>","Fix any of the following:   Target has insufficient size (1904px by 18.5px, should be at least 24px by 24px)   Target has insufficient space to its closest neighbors. Safe clickable space has a diameter of 13px instead of at least 24px.","serious","a[href$=""18.html""]","https://dequeuniversity.com/rules/axe/4.9/target-size?application=purple-a11y"
"mustFix","target-size","All touch targets must be 24px large, or leave sufficient space","wcag22aa,wcag258","http://0.0.0.0:8000/","<a id=""anchor-tag-with-href"" href=""/19.html"" role=""link"">                Anchor tag with href to page 19            </a>","Fix any of the following:   Target has insufficient size (1904px by 18.5px, should be at least 24px by 24px)   Target has insufficient space to its closest neighbors. Safe clickable space has a diameter of 13px instead of at least 24px.","serious","a[href$=""19.html""]","https://dequeuniversity.com/rules/axe/4.9/target-size?application=purple-a11y"
"mustFix","target-size","All touch targets must be 24px large, or leave sufficient space","wcag22aa,wcag258","http://0.0.0.0:8000/","<a id=""anchor-tag-with-href"" href=""/20.html"" role=""link"">                Anchor tag with href to page 20            </a>","Fix any of the following:   Target has insufficient size (1904px by 18.5px, should be at least 24px by 24px)   Target has insufficient space to its closest neighbors. Safe clickable space has a diameter of 13px instead of at least 24px.","serious","a[href$=""20.html""]","https://dequeuniversity.com/rules/axe/4.9/target-size?application=purple-a11y"
"mustFix","target-size","All touch targets must be 24px large, or leave sufficient space","wcag22aa,wcag258","http://0.0.0.0:8000/","<a id=""anchor-tag-with-href"" href=""/21.html"" role=""link"">                Anchor tag with href to page 21            </a>","Fix any of the following:   Target has insufficient size (1904px by 18.5px, should be at least 24px by 24px)   Target has insufficient space to its closest neighbors. Safe clickable space has a diameter of 13px instead of at least 24px.","serious","a[href$=""21.html""]","https://dequeuniversity.com/rules/axe/4.9/target-size?application=purple-a11y"
"mustFix","target-size","All touch targets must be 24px large, or leave sufficient space","wcag22aa,wcag258","http://0.0.0.0:8000/","<a id=""anchor-tag-with-href"" href=""/22.html"" role=""link"">                Anchor tag with href to page 22            </a>","Fix any of the following:   Target has insufficient size (1904px by 18.5px, should be at least 24px by 24px)   Target has insufficient space to its closest neighbors. Safe clickable space has a diameter of 13px instead of at least 24px.","serious","a[href$=""22.html""]","https://dequeuniversity.com/rules/axe/4.9/target-size?application=purple-a11y"
"mustFix","target-size","All touch targets must be 24px large, or leave sufficient space","wcag22aa,wcag258","http://0.0.0.0:8000/","<a id=""anchor-tag-with-href"" href=""/23.html"" role=""link"">                Anchor tag with href to page 23            </a>","Fix any of the following:   Target has insufficient size (1904px by 18.5px, should be at least 24px by 24px)   Target has insufficient space to its closest neighbors. Safe clickable space has a diameter of 13px instead of at least 24px.","serious","a[href$=""23.html""]","https://dequeuniversity.com/rules/axe/4.9/target-size?application=purple-a11y"
"mustFix","target-size","All touch targets must be 24px large, or leave sufficient space","wcag22aa,wcag258","http://0.0.0.0:8000/","<a id=""anchor-tag-with-href"" href=""/24.html"" role=""link"">                Anchor tag with href to page 24            </a>","Fix any of the following:   Target has insufficient size (1904px by 18.5px, should be at least 24px by 24px)   Target has insufficient space to its closest neighbors. Safe clickable space has a diameter of 13px instead of at least 24px.","serious","a[href$=""24.html""]","https://dequeuniversity.com/rules/axe/4.9/target-size?application=purple-a11y"
"mustFix","target-size","All touch targets must be 24px large, or leave sufficient space","wcag22aa,wcag258","http://0.0.0.0:8000/","<a id=""anchor-tag-with-href"" href=""/25.html"" role=""link"">                Anchor tag with href to page 25            </a>","Fix any of the following:   Target has insufficient size (1904px by 18.5px, should be at least 24px by 24px)   Target has insufficient space to its closest neighbors. Safe clickable space has a diameter of 13px instead of at least 24px.","serious","a[href$=""25.html""]","https://dequeuniversity.com/rules/axe/4.9/target-size?application=purple-a11y"
"mustFix","target-size","All touch targets must be 24px large, or leave sufficient space","wcag22aa,wcag258","http://0.0.0.0:8000/","<a id=""anchor-tag-with-href"" href=""/26.html"" role=""link"">                Anchor tag with href to page 26            </a>","Fix any of the following:   Target has insufficient size (1904px by 18.5px, should be at least 24px by 24px)   Target has insufficient space to its closest neighbors. Safe clickable space has a diameter of 13px instead of at least 24px.","serious","a[href$=""26.html""]","https://dequeuniversity.com/rules/axe/4.9/target-size?application=purple-a11y"
"mustFix","target-size","All touch targets must be 24px large, or leave sufficient space","wcag22aa,wcag258","http://0.0.0.0:8000/","<a id=""anchor-tag-with-href"" href=""/27.html"" role=""link"">                Anchor tag with href to page 27            </a>","Fix any of the following:   Target has insufficient size (1904px by 18.5px, should be at least 24px by 24px)   Target has insufficient space to its closest neighbors. Safe clickable space has a diameter of 13px instead of at least 24px.","serious","a[href$=""27.html""]","https://dequeuniversity.com/rules/axe/4.9/target-size?application=purple-a11y"
"mustFix","target-size","All touch targets must be 24px large, or leave sufficient space","wcag22aa,wcag258","http://0.0.0.0:8000/","<a id=""anchor-tag-with-href"" href=""/28.html"" role=""link"">                Anchor tag with href to page 28            </a>","Fix any of the following:   Target has insufficient size (1904px by 18.5px, should be at least 24px by 24px)   Target has insufficient space to its closest neighbors. Safe clickable space has a diameter of 13px instead of at least 24px.","serious","a[href$=""28.html""]","https://dequeuniversity.com/rules/axe/4.9/target-size?application=purple-a11y"
"mustFix","target-size","All touch targets must be 24px large, or leave sufficient space","wcag22aa,wcag258","http://0.0.0.0:8000/","<a id=""anchor-tag-with-href"" href=""/29.html"" role=""link"">                Anchor tag with href to page 29            </a>","Fix any of the following:   Target has insufficient size (1904px by 18.5px, should be at least 24px by 24px)   Target has insufficient space to its closest neighbors. Safe clickable space has a diameter of 13px instead of at least 24px.","serious","a[href$=""29.html""]","https://dequeuniversity.com/rules/axe/4.9/target-size?application=purple-a11y"
"mustFix","target-size","All touch targets must be 24px large, or leave sufficient space","wcag22aa,wcag258","http://0.0.0.0:8000/","<a id=""anchor-tag-with-href"" href=""/30.html"" role=""link"">                Anchor tag with href to page 30            </a>","Fix any of the following:   Target has insufficient size (1904px by 18.5px, should be at least 24px by 24px)   Target has insufficient space to its closest neighbors. Safe clickable space has a diameter of 13px instead of at least 24px.","serious","a[href$=""30.html""]","https://dequeuniversity.com/rules/axe/4.9/target-size?application=purple-a11y"
"mustFix","target-size","All touch targets must be 24px large, or leave sufficient space","wcag22aa,wcag258","http://0.0.0.0:8000/","<a id=""anchor-tag-with-href"" href=""/31.html"" role=""link"">                Anchor tag with href to page 31            </a>","Fix any of the following:   Target has insufficient size (1904px by 18.5px, should be at least 24px by 24px)   Target has insufficient space to its closest neighbors. Safe clickable space has a diameter of 13px instead of at least 24px.","serious","a[href$=""31.html""]","https://dequeuniversity.com/rules/axe/4.9/target-size?application=purple-a11y"
"mustFix","target-size","All touch targets must be 24px large, or leave sufficient space","wcag22aa,wcag258","http://0.0.0.0:8000/","<a id=""anchor-tag-with-href"" href=""/32.html"" role=""link"">                Anchor tag with href to page 32            </a>","Fix any of the following:   Target has insufficient size (1904px by 18.5px, should be at least 24px by 24px)   Target has insufficient space to its closest neighbors. Safe clickable space has a diameter of 13px instead of at least 24px.","serious","a[href$=""32.html""]","https://dequeuniversity.com/rules/axe/4.9/target-size?application=purple-a11y"
"mustFix","target-size","All touch targets must be 24px large, or leave sufficient space","wcag22aa,wcag258","http://0.0.0.0:8000/","<a id=""anchor-tag-with-href"" href=""/33.html"" role=""link"">                Anchor tag with href to page 33            </a>","Fix any of the following:   Target has insufficient size (1904px by 18.5px, should be at least 24px by 24px)   Target has insufficient space to its closest neighbors. Safe clickable space has a diameter of 13px instead of at least 24px.","serious","a[href$=""33.html""]","https://dequeuniversity.com/rules/axe/4.9/target-size?application=purple-a11y"
"mustFix","target-size","All touch targets must be 24px large, or leave sufficient space","wcag22aa,wcag258","http://0.0.0.0:8000/","<a id=""anchor-tag-with-href"" href=""/34.html"" role=""link"">                Anchor tag with href to page 34            </a>","Fix any of the following:   Target has insufficient size (1904px by 18.5px, should be at least 24px by 24px)   Target has insufficient space to its closest neighbors. Safe clickable space has a diameter of 13px instead of at least 24px.","serious","a[href$=""34.html""]","https://dequeuniversity.com/rules/axe/4.9/target-size?application=purple-a11y"
"mustFix","target-size","All touch targets must be 24px large, or leave sufficient space","wcag22aa,wcag258","http://0.0.0.0:8000/","<a id=""anchor-tag-with-href"" href=""/35.html"" role=""link"">                Anchor tag with href to page 35            </a>","Fix any of the following:   Target has insufficient size (1904px by 18.5px, should be at least 24px by 24px)   Target has insufficient space to its closest neighbors. Safe clickable space has a diameter of 13px instead of at least 24px.","serious","a[href$=""35.html""]","https://dequeuniversity.com/rules/axe/4.9/target-size?application=purple-a11y"
"mustFix","target-size","All touch targets must be 24px large, or leave sufficient space","wcag22aa,wcag258","http://0.0.0.0:8000/","<a id=""anchor-tag-with-href"" href=""/36.html"" role=""link"">                Anchor tag with href to page 36            </a>","Fix any of the following:   Target has insufficient size (1904px by 18.5px, should be at least 24px by 24px)   Target has insufficient space to its closest neighbors. Safe clickable space has a diameter of 13px instead of at least 24px.","serious","a[href$=""36.html""]","https://dequeuniversity.com/rules/axe/4.9/target-size?application=purple-a11y"
"mustFix","target-size","All touch targets must be 24px large, or leave sufficient space","wcag22aa,wcag258","http://0.0.0.0:8000/","<a id=""anchor-tag-with-href"" href=""/37.html"" role=""link"">                Anchor tag with href to page 37            </a>","Fix any of the following:   Target has insufficient size (1904px by 18.5px, should be at least 24px by 24px)   Target has insufficient space to its closest neighbors. Safe clickable space has a diameter of 13px instead of at least 24px.","serious","a[href$=""37.html""]","https://dequeuniversity.com/rules/axe/4.9/target-size?application=purple-a11y"
"mustFix","target-size","All touch targets must be 24px large, or leave sufficient space","wcag22aa,wcag258","http://0.0.0.0:8000/","<a id=""anchor-tag-with-href"" href=""/38.html"" role=""link"">                Anchor tag with href to page 38            </a>","Fix any of the following:   Target has insufficient size (1904px by 18.5px, should be at least 24px by 24px)   Target has insufficient space to its closest neighbors. Safe clickable space has a diameter of 13px instead of at least 24px.","serious","a[href$=""38.html""]","https://dequeuniversity.com/rules/axe/4.9/target-size?application=purple-a11y"
"mustFix","target-size","All touch targets must be 24px large, or leave sufficient space","wcag22aa,wcag258","http://0.0.0.0:8000/","<a id=""anchor-tag-with-href"" href=""/39.html"" role=""link"">                Anchor tag with href to page 39            </a>","Fix any of the following:   Target has insufficient size (1904px by 18.5px, should be at least 24px by 24px)   Target has insufficient space to its closest neighbors. Safe clickable space has a diameter of 13px instead of at least 24px.","serious","a[href$=""39.html""]","https://dequeuniversity.com/rules/axe/4.9/target-size?application=purple-a11y"
"mustFix","target-size","All touch targets must be 24px large, or leave sufficient space","wcag22aa,wcag258","http://0.0.0.0:8000/","<a id=""anchor-tag-with-href"" href=""/40.html"" role=""link"">                Anchor tag with href to page 40            </a>","Fix any of the following:   Target has insufficient size (1904px by 18.5px, should be at least 24px by 24px)   Target has insufficient space to its closest neighbors. Safe clickable space has a diameter of 13px instead of at least 24px.","serious","a[href$=""40.html""]","https://dequeuniversity.com/rules/axe/4.9/target-size?application=purple-a11y"
"mustFix","target-size","All touch targets must be 24px large, or leave sufficient space","wcag22aa,wcag258","http://0.0.0.0:8000/","<a id=""anchor-tag-with-href"" href=""/41.html"" role=""link"">                Anchor tag with href to page 41            </a>","Fix any of the following:   Target has insufficient size (1904px by 18.5px, should be at least 24px by 24px)   Target has insufficient space to its closest neighbors. Safe clickable space has a diameter of 13px instead of at least 24px.","serious","a[href$=""41.html""]","https://dequeuniversity.com/rules/axe/4.9/target-size?application=purple-a11y"
"mustFix","target-size","All touch targets must be 24px large, or leave sufficient space","wcag22aa,wcag258","http://0.0.0.0:8000/","<a id=""anchor-tag-with-href"" href=""/42.html"" role=""link"">                Anchor tag with href to page 42            </a>","Fix any of the following:   Target has insufficient size (1904px by 18.5px, should be at least 24px by 24px)   Target has insufficient space to its closest neighbors. Safe clickable space has a diameter of 13px instead of at least 24px.","serious","a[href$=""42.html""]","https://dequeuniversity.com/rules/axe/4.9/target-size?application=purple-a11y"
"mustFix","target-size","All touch targets must be 24px large, or leave sufficient space","wcag22aa,wcag258","http://0.0.0.0:8000/","<a id=""anchor-tag-with-href"" href=""/43.html"" role=""link"">                Anchor tag with href to page 43            </a>","Fix any of the following:   Target has insufficient size (1904px by 18.5px, should be at least 24px by 24px)   Target has insufficient space to its closest neighbors. Safe clickable space has a diameter of 13px instead of at least 24px.","serious","a[href$=""43.html""]","https://dequeuniversity.com/rules/axe/4.9/target-size?application=purple-a11y"
"mustFix","target-size","All touch targets must be 24px large, or leave sufficient space","wcag22aa,wcag258","http://0.0.0.0:8000/","<a id=""anchor-tag-with-href"" href=""/44.html"" role=""link"">                Anchor tag with href to page 44            </a>","Fix any of the following:   Target has insufficient size (1904px by 18.5px, should be at least 24px by 24px)   Target has insufficient space to its closest neighbors. Safe clickable space has a diameter of 13px instead of at least 24px.","serious","a[href$=""44.html""]","https://dequeuniversity.com/rules/axe/4.9/target-size?application=purple-a11y"
"mustFix","target-size","All touch targets must be 24px large, or leave sufficient space","wcag22aa,wcag258","http://0.0.0.0:8000/","<a id=""anchor-tag-with-href"" href=""/45.html"" role=""link"">                Anchor tag with href to page 45            </a>","Fix any of the following:   Target has insufficient size (1904px by 18.5px, should be at least 24px by 24px)   Target has insufficient space to its closest neighbors. Safe clickable space has a diameter of 13px instead of at least 24px.","serious","a[href$=""45.html""]","https://dequeuniversity.com/rules/axe/4.9/target-size?application=purple-a11y"
"mustFix","target-size","All touch targets must be 24px large, or leave sufficient space","wcag22aa,wcag258","http://0.0.0.0:8000/","<a id=""anchor-tag-with-href"" href=""/46.html"" role=""link"">                Anchor tag with href to page 46            </a>","Fix any of the following:   Target has insufficient size (1904px by 18.5px, should be at least 24px by 24px)   Target has insufficient space to its closest neighbors. Safe clickable space has a diameter of 13px instead of at least 24px.","serious","a[href$=""46.html""]","https://dequeuniversity.com/rules/axe/4.9/target-size?application=purple-a11y"
"mustFix","target-size","All touch targets must be 24px large, or leave sufficient space","wcag22aa,wcag258","http://0.0.0.0:8000/","<a id=""anchor-tag-with-href"" href=""/47.html"" role=""link"">                Anchor tag with href to page 47            </a>","Fix any of the following:   Target has insufficient size (1904px by 18.5px, should be at least 24px by 24px)   Target has insufficient space to its closest neighbors. Safe clickable space has a diameter of 13px instead of at least 24px.","serious","a[href$=""47.html""]","https://dequeuniversity.com/rules/axe/4.9/target-size?application=purple-a11y"
"mustFix","target-size","All touch targets must be 24px large, or leave sufficient space","wcag22aa,wcag258","http://0.0.0.0:8000/","<a id=""anchor-tag-with-href"" href=""/48.html"" role=""link"">                Anchor tag with href to page 48            </a>","Fix any of the following:   Target has insufficient size (1904px by 18.5px, should be at least 24px by 24px)   Target has insufficient space to its closest neighbors. Safe clickable space has a diameter of 13px instead of at least 24px.","serious","a[href$=""48.html""]","https://dequeuniversity.com/rules/axe/4.9/target-size?application=purple-a11y"
"mustFix","target-size","All touch targets must be 24px large, or leave sufficient space","wcag22aa,wcag258","http://0.0.0.0:8000/","<a id=""anchor-tag-with-href"" href=""/49.html"" role=""link"">                Anchor tag with href to page 49            </a>","Fix any of the following:   Target has insufficient size (1904px by 18.5px, should be at least 24px by 24px)   Target has insufficient space to its closest neighbors. Safe clickable space has a diameter of 13px instead of at least 24px.","serious","a[href$=""49.html""]","https://dequeuniversity.com/rules/axe/4.9/target-size?application=purple-a11y"
"mustFix","target-size","All touch targets must be 24px large, or leave sufficient space","wcag22aa,wcag258","http://0.0.0.0:8000/","<a id=""anchor-tag-with-href"" href=""/50.html"" role=""link"">                Anchor tag with href to page 50            </a>","Fix any of the following:   Target has insufficient size (1904px by 18.5px, should be at least 24px by 24px)   Target has insufficient space to its closest neighbors. Safe clickable space has a diameter of 13px instead of at least 24px.","serious","a[href$=""50.html""]","https://dequeuniversity.com/rules/axe/4.9/target-size?application=purple-a11y"
"mustFix","target-size","All touch targets must be 24px large, or leave sufficient space","wcag22aa,wcag258","http://0.0.0.0:8000/","<a id=""anchor-tag-with-href"" href=""/51.html"" role=""link"">                Anchor tag with href to page 51            </a>","Fix any of the following:   Target has insufficient size (1904px by 18.5px, should be at least 24px by 24px)   Target has insufficient space to its closest neighbors. Safe clickable space has a diameter of 13px instead of at least 24px.","serious","a[href$=""51.html""]","https://dequeuniversity.com/rules/axe/4.9/target-size?application=purple-a11y"
"mustFix","target-size","All touch targets must be 24px large, or leave sufficient space","wcag22aa,wcag258","http://0.0.0.0:8000/","<a id=""anchor-tag-with-href"" href=""/52.html"" role=""link"">                Anchor tag with href to page 52            </a>","Fix any of the following:   Target has insufficient size (1904px by 18.5px, should be at least 24px by 24px)   Target has insufficient space to its closest neighbors. Safe clickable space has a diameter of 13px instead of at least 24px.","serious","a[href$=""52.html""]","https://dequeuniversity.com/rules/axe/4.9/target-size?application=purple-a11y"
"mustFix","target-size","All touch targets must be 24px large, or leave sufficient space","wcag22aa,wcag258","http://0.0.0.0:8000/","<a id=""anchor-tag-with-href"" href=""/53.html"" role=""link"">                Anchor tag with href to page 53            </a>","Fix any of the following:   Target has insufficient size (1904px by 18.5px, should be at least 24px by 24px)   Target has insufficient space to its closest neighbors. Safe clickable space has a diameter of 13px instead of at least 24px.","serious","a[href$=""53.html""]","https://dequeuniversity.com/rules/axe/4.9/target-size?application=purple-a11y"
"mustFix","target-size","All touch targets must be 24px large, or leave sufficient space","wcag22aa,wcag258","http://0.0.0.0:8000/","<a id=""anchor-tag-with-href"" href=""/54.html"" role=""link"">                Anchor tag with href to page 54            </a>","Fix any of the following:   Target has insufficient size (1904px by 18.5px, should be at least 24px by 24px)   Target has insufficient space to its closest neighbors. Safe clickable space has a diameter of 13px instead of at least 24px.","serious","a[href$=""54.html""]","https://dequeuniversity.com/rules/axe/4.9/target-size?application=purple-a11y"
"mustFix","target-size","All touch targets must be 24px large, or leave sufficient space","wcag22aa,wcag258","http://0.0.0.0:8000/","<a id=""anchor-tag-with-href"" href=""/55.html"" role=""link"">                Anchor tag with href to page 55            </a>","Fix any of the following:   Target has insufficient size (1904px by 18.5px, should be at least 24px by 24px)   Target has insufficient space to its closest neighbors. Safe clickable space has a diameter of 13px instead of at least 24px.","serious","a[href$=""55.html""]","https://dequeuniversity.com/rules/axe/4.9/target-size?application=purple-a11y"
"mustFix","target-size","All touch targets must be 24px large, or leave sufficient space","wcag22aa,wcag258","http://0.0.0.0:8000/","<a id=""anchor-tag-with-href"" href=""/56.html"" role=""link"">                Anchor tag with href to page 56            </a>","Fix any of the following:   Target has insufficient size (1904px by 18.5px, should be at least 24px by 24px)   Target has insufficient space to its closest neighbors. Safe clickable space has a diameter of 13px instead of at least 24px.","serious","a[href$=""56.html""]","https://dequeuniversity.com/rules/axe/4.9/target-size?application=purple-a11y"
"mustFix","target-size","All touch targets must be 24px large, or leave sufficient space","wcag22aa,wcag258","http://0.0.0.0:8000/","<a id=""anchor-tag-with-href"" href=""/57.html"" role=""link"">                Anchor tag with href to page 57            </a>","Fix any of the following:   Target has insufficient size (1904px by 18.5px, should be at least 24px by 24px)   Target has insufficient space to its closest neighbors. Safe clickable space has a diameter of 13px instead of at least 24px.","serious","a[href$=""57.html""]","https://dequeuniversity.com/rules/axe/4.9/target-size?application=purple-a11y"
"mustFix","target-size","All touch targets must be 24px large, or leave sufficient space","wcag22aa,wcag258","http://0.0.0.0:8000/","<a id=""anchor-tag-with-href"" href=""/58.html"" role=""link"">                Anchor tag with href to page 58            </a>","Fix any of the following:   Target has insufficient size (1904px by 18.5px, should be at least 24px by 24px)   Target has insufficient space to its closest neighbors. Safe clickable space has a diameter of 13px instead of at least 24px.","serious","a[href$=""58.html""]","https://dequeuniversity.com/rules/axe/4.9/target-size?application=purple-a11y"
"mustFix","target-size","All touch targets must be 24px large, or leave sufficient space","wcag22aa,wcag258","http://0.0.0.0:8000/","<a id=""anchor-tag-with-href"" href=""/59.html"" role=""link"">                Anchor tag with href to page 59            </a>","Fix any of the following:   Target has insufficient size (1904px by 18.5px, should be at least 24px by 24px)   Target has insufficient space to its closest neighbors. Safe clickable space has a diameter of 13px instead of at least 24px.","serious","a[href$=""59.html""]","https://dequeuniversity.com/rules/axe/4.9/target-size?application=purple-a11y"
"mustFix","target-size","All touch targets must be 24px large, or leave sufficient space","wcag22aa,wcag258","http://0.0.0.0:8000/","<a id=""anchor-tag-with-href"" href=""/60.html"" role=""link"">                Anchor tag with href to page 60            </a>","Fix any of the following:   Target has insufficient size (1904px by 18.5px, should be at least 24px by 24px)   Target has insufficient space to its closest neighbors. Safe clickable space has a diameter of 13px instead of at least 24px.","serious","a[href$=""60.html""]","https://dequeuniversity.com/rules/axe/4.9/target-size?application=purple-a11y"
"mustFix","target-size","All touch targets must be 24px large, or leave sufficient space","wcag22aa,wcag258","http://0.0.0.0:8000/","<a id=""anchor-tag-with-href"" href=""/61.html"" role=""link"">                Anchor tag with href to page 61            </a>","Fix any of the following:   Target has insufficient size (1904px by 18.5px, should be at least 24px by 24px)   Target has insufficient space to its closest neighbors. Safe clickable space has a diameter of 13px instead of at least 24px.","serious","a[href$=""61.html""]","https://dequeuniversity.com/rules/axe/4.9/target-size?application=purple-a11y"
"mustFix","target-size","All touch targets must be 24px large, or leave sufficient space","wcag22aa,wcag258","http://0.0.0.0:8000/","<a id=""anchor-tag-with-href"" href=""/62.html"" role=""link"">                Anchor tag with href to page 62            </a>","Fix any of the following:   Target has insufficient size (1904px by 18.5px, should be at least 24px by 24px)   Target has insufficient space to its closest neighbors. Safe clickable space has a diameter of 13px instead of at least 24px.","serious","a[href$=""62.html""]","https://dequeuniversity.com/rules/axe/4.9/target-size?application=purple-a11y"
"mustFix","target-size","All touch targets must be 24px large, or leave sufficient space","wcag22aa,wcag258","http://0.0.0.0:8000/","<a id=""anchor-tag-with-href"" href=""/63.html"" role=""link"">                Anchor tag with href to page 63            </a>","Fix any of the following:   Target has insufficient size (1904px by 18.5px, should be at least 24px by 24px)   Target has insufficient space to its closest neighbors. Safe clickable space has a diameter of 13px instead of at least 24px.","serious","a[href$=""63.html""]","https://dequeuniversity.com/rules/axe/4.9/target-size?application=purple-a11y"
"mustFix","target-size","All touch targets must be 24px large, or leave sufficient space","wcag22aa,wcag258","http://0.0.0.0:8000/","<a id=""anchor-tag-with-href"" href=""/64.html"" role=""link"">                Anchor tag with href to page 64            </a>","Fix any of the following:   Target has insufficient size (1904px by 18.5px, should be at least 24px by 24px)   Target has insufficient space to its closest neighbors. Safe clickable space has a diameter of 13px instead of at least 24px.","serious","a[href$=""64.html""]","https://dequeuniversity.com/rules/axe/4.9/target-size?application=purple-a11y"
"mustFix","target-size","All touch targets must be 24px large, or leave sufficient space","wcag22aa,wcag258","http://0.0.0.0:8000/","<a id=""anchor-tag-with-href"" href=""/65.html"" role=""link"">                Anchor tag with href to page 65            </a>","Fix any of the following:   Target has insufficient size (1904px by 18.5px, should be at least 24px by 24px)   Target has insufficient space to its closest neighbors. Safe clickable space has a diameter of 13px instead of at least 24px.","serious","a[href$=""65.html""]","https://dequeuniversity.com/rules/axe/4.9/target-size?application=purple-a11y"
"mustFix","target-size","All touch targets must be 24px large, or leave sufficient space","wcag22aa,wcag258","http://0.0.0.0:8000/","<a id=""anchor-tag-with-href"" href=""/66.html"" role=""link"">                Anchor tag with href to page 66            </a>","Fix any of the following:   Target has insufficient size (1904px by 18.5px, should be at least 24px by 24px)   Target has insufficient space to its closest neighbors. Safe clickable space has a diameter of 13px instead of at least 24px.","serious","a[href$=""66.html""]","https://dequeuniversity.com/rules/axe/4.9/target-size?application=purple-a11y"
"mustFix","target-size","All touch targets must be 24px large, or leave sufficient space","wcag22aa,wcag258","http://0.0.0.0:8000/","<a id=""anchor-tag-with-href"" href=""/67.html"" role=""link"">                Anchor tag with href to page 67            </a>","Fix any of the following:   Target has insufficient size (1904px by 18.5px, should be at least 24px by 24px)   Target has insufficient space to its closest neighbors. Safe clickable space has a diameter of 13px instead of at least 24px.","serious","a[href$=""67.html""]","https://dequeuniversity.com/rules/axe/4.9/target-size?application=purple-a11y"
"mustFix","target-size","All touch targets must be 24px large, or leave sufficient space","wcag22aa,wcag258","http://0.0.0.0:8000/","<a id=""anchor-tag-with-href"" href=""/68.html"" role=""link"">                Anchor tag with href to page 68            </a>","Fix any of the following:   Target has insufficient size (1904px by 18.5px, should be at least 24px by 24px)   Target has insufficient space to its closest neighbors. Safe clickable space has a diameter of 13px instead of at least 24px.","serious","a[href$=""68.html""]","https://dequeuniversity.com/rules/axe/4.9/target-size?application=purple-a11y"
"mustFix","target-size","All touch targets must be 24px large, or leave sufficient space","wcag22aa,wcag258","http://0.0.0.0:8000/","<a id=""anchor-tag-with-href"" href=""/69.html"" role=""link"">                Anchor tag with href to page 69            </a>","Fix any of the following:   Target has insufficient size (1904px by 18.5px, should be at least 24px by 24px)   Target has insufficient space to its closest neighbors. Safe clickable space has a diameter of 13px instead of at least 24px.","serious","a[href$=""69.html""]","https://dequeuniversity.com/rules/axe/4.9/target-size?application=purple-a11y"
"mustFix","target-size","All touch targets must be 24px large, or leave sufficient space","wcag22aa,wcag258","http://0.0.0.0:8000/","<a id=""anchor-tag-with-href"" href=""/70.html"" role=""link"">                Anchor tag with href to page 70            </a>","Fix any of the following:   Target has insufficient size (1904px by 18.5px, should be at least 24px by 24px)   Target has insufficient space to its closest neighbors. Safe clickable space has a diameter of 13px instead of at least 24px.","serious","a[href$=""70.html""]","https://dequeuniversity.com/rules/axe/4.9/target-size?application=purple-a11y"
"mustFix","target-size","All touch targets must be 24px large, or leave sufficient space","wcag22aa,wcag258","http://0.0.0.0:8000/","<a id=""anchor-tag-with-href"" href=""/71.html"" role=""link"">                Anchor tag with href to page 71            </a>","Fix any of the following:   Target has insufficient size (1904px by 18.5px, should be at least 24px by 24px)   Target has insufficient space to its closest neighbors. Safe clickable space has a diameter of 13px instead of at least 24px.","serious","a[href$=""71.html""]","https://dequeuniversity.com/rules/axe/4.9/target-size?application=purple-a11y"
"mustFix","target-size","All touch targets must be 24px large, or leave sufficient space","wcag22aa,wcag258","http://0.0.0.0:8000/","<a id=""anchor-tag-with-href"" href=""/72.html"" role=""link"">                Anchor tag with href to page 72            </a>","Fix any of the following:   Target has insufficient size (1904px by 18.5px, should be at least 24px by 24px)   Target has insufficient space to its closest neighbors. Safe clickable space has a diameter of 13px instead of at least 24px.","serious","a[href$=""72.html""]","https://dequeuniversity.com/rules/axe/4.9/target-size?application=purple-a11y"
"mustFix","target-size","All touch targets must be 24px large, or leave sufficient space","wcag22aa,wcag258","http://0.0.0.0:8000/","<a id=""anchor-tag-with-href"" href=""/73.html"" role=""link"">                Anchor tag with href to page 73            </a>","Fix any of the following:   Target has insufficient size (1904px by 18.5px, should be at least 24px by 24px)   Target has insufficient space to its closest neighbors. Safe clickable space has a diameter of 13px instead of at least 24px.","serious","a[href$=""73.html""]","https://dequeuniversity.com/rules/axe/4.9/target-size?application=purple-a11y"
"mustFix","target-size","All touch targets must be 24px large, or leave sufficient space","wcag22aa,wcag258","http://0.0.0.0:8000/","<a id=""anchor-tag-with-href"" href=""/74.html"" role=""link"">                Anchor tag with href to page 74            </a>","Fix any of the following:   Target has insufficient size (1904px by 18.5px, should be at least 24px by 24px)   Target has insufficient space to its closest neighbors. Safe clickable space has a diameter of 13px instead of at least 24px.","serious","a[href$=""74.html""]","https://dequeuniversity.com/rules/axe/4.9/target-size?application=purple-a11y"
"mustFix","target-size","All touch targets must be 24px large, or leave sufficient space","wcag22aa,wcag258","http://0.0.0.0:8000/","<a id=""anchor-tag-with-href"" href=""/75.html"" role=""link"">                Anchor tag with href to page 75            </a>","Fix any of the following:   Target has insufficient size (1904px by 18.5px, should be at least 24px by 24px)   Target has insufficient space to its closest neighbors. Safe clickable space has a diameter of 13px instead of at least 24px.","serious","a[href$=""75.html""]","https://dequeuniversity.com/rules/axe/4.9/target-size?application=purple-a11y"
"mustFix","target-size","All touch targets must be 24px large, or leave sufficient space","wcag22aa,wcag258","http://0.0.0.0:8000/","<a id=""anchor-tag-with-href"" href=""/76.html"" role=""link"">                Anchor tag with href to page 76            </a>","Fix any of the following:   Target has insufficient size (1904px by 18.5px, should be at least 24px by 24px)   Target has insufficient space to its closest neighbors. Safe clickable space has a diameter of 13px instead of at least 24px.","serious","a[href$=""76.html""]","https://dequeuniversity.com/rules/axe/4.9/target-size?application=purple-a11y"
"mustFix","target-size","All touch targets must be 24px large, or leave sufficient space","wcag22aa,wcag258","http://0.0.0.0:8000/","<a id=""anchor-tag-with-href"" href=""/77.html"" role=""link"">                Anchor tag with href to page 77            </a>","Fix any of the following:   Target has insufficient size (1904px by 18.5px, should be at least 24px by 24px)   Target has insufficient space to its closest neighbors. Safe clickable space has a diameter of 13px instead of at least 24px.","serious","a[href$=""77.html""]","https://dequeuniversity.com/rules/axe/4.9/target-size?application=purple-a11y"
"mustFix","target-size","All touch targets must be 24px large, or leave sufficient space","wcag22aa,wcag258","http://0.0.0.0:8000/","<a id=""anchor-tag-with-href"" href=""/78.html"" role=""link"">                Anchor tag with href to page 78            </a>","Fix any of the following:   Target has insufficient size (1904px by 18.5px, should be at least 24px by 24px)   Target has insufficient space to its closest neighbors. Safe clickable space has a diameter of 13px instead of at least 24px.","serious","a[href$=""78.html""]","https://dequeuniversity.com/rules/axe/4.9/target-size?application=purple-a11y"
"mustFix","target-size","All touch targets must be 24px large, or leave sufficient space","wcag22aa,wcag258","http://0.0.0.0:8000/","<a id=""anchor-tag-with-href"" href=""/79.html"" role=""link"">                Anchor tag with href to page 79            </a>","Fix any of the following:   Target has insufficient size (1904px by 18.5px, should be at least 24px by 24px)   Target has insufficient space to its closest neighbors. Safe clickable space has a diameter of 13px instead of at least 24px.","serious","a[href$=""79.html""]","https://dequeuniversity.com/rules/axe/4.9/target-size?application=purple-a11y"
"mustFix","target-size","All touch targets must be 24px large, or leave sufficient space","wcag22aa,wcag258","http://0.0.0.0:8000/","<a id=""anchor-tag-with-href"" href=""/80.html"" role=""link"">                Anchor tag with href to page 80            </a>","Fix any of the following:   Target has insufficient size (1904px by 18.5px, should be at least 24px by 24px)   Target has insufficient space to its closest neighbors. Safe clickable space has a diameter of 13px instead of at least 24px.","serious","a[href$=""80.html""]","https://dequeuniversity.com/rules/axe/4.9/target-size?application=purple-a11y"
"mustFix","target-size","All touch targets must be 24px large, or leave sufficient space","wcag22aa,wcag258","http://0.0.0.0:8000/","<a id=""anchor-tag-with-href"" href=""/81.html"" role=""link"">                Anchor tag with href to page 81            </a>","Fix any of the following:   Target has insufficient size (1904px by 18.5px, should be at least 24px by 24px)   Target has insufficient space to its closest neighbors. Safe clickable space has a diameter of 13px instead of at least 24px.","serious","a[href$=""81.html""]","https://dequeuniversity.com/rules/axe/4.9/target-size?application=purple-a11y"
"mustFix","target-size","All touch targets must be 24px large, or leave sufficient space","wcag22aa,wcag258","http://0.0.0.0:8000/","<a id=""anchor-tag-with-href"" href=""/82.html"" role=""link"">                Anchor tag with href to page 82            </a>","Fix any of the following:   Target has insufficient size (1904px by 18.5px, should be at least 24px by 24px)   Target has insufficient space to its closest neighbors. Safe clickable space has a diameter of 13px instead of at least 24px.","serious","a[href$=""82.html""]","https://dequeuniversity.com/rules/axe/4.9/target-size?application=purple-a11y"
"mustFix","target-size","All touch targets must be 24px large, or leave sufficient space","wcag22aa,wcag258","http://0.0.0.0:8000/","<a id=""anchor-tag-with-href"" href=""/83.html"" role=""link"">                Anchor tag with href to page 83            </a>","Fix any of the following:   Target has insufficient size (1904px by 18.5px, should be at least 24px by 24px)   Target has insufficient space to its closest neighbors. Safe clickable space has a diameter of 13px instead of at least 24px.","serious","a[href$=""83.html""]","https://dequeuniversity.com/rules/axe/4.9/target-size?application=purple-a11y"
"mustFix","target-size","All touch targets must be 24px large, or leave sufficient space","wcag22aa,wcag258","http://0.0.0.0:8000/","<a id=""anchor-tag-with-href"" href=""/84.html"" role=""link"">                Anchor tag with href to page 84            </a>","Fix any of the following:   Target has insufficient size (1904px by 18.5px, should be at least 24px by 24px)   Target has insufficient space to its closest neighbors. Safe clickable space has a diameter of 13px instead of at least 24px.","serious","a[href$=""84.html""]","https://dequeuniversity.com/rules/axe/4.9/target-size?application=purple-a11y"
"mustFix","target-size","All touch targets must be 24px large, or leave sufficient space","wcag22aa,wcag258","http://0.0.0.0:8000/","<a id=""anchor-tag-with-href"" href=""/85.html"" role=""link"">                Anchor tag with href to page 85            </a>","Fix any of the following:   Target has insufficient size (1904px by 18.5px, should be at least 24px by 24px)   Target has insufficient space to its closest neighbors. Safe clickable space has a diameter of 13px instead of at least 24px.","serious","a[href$=""85.html""]","https://dequeuniversity.com/rules/axe/4.9/target-size?application=purple-a11y"
"mustFix","target-size","All touch targets must be 24px large, or leave sufficient space","wcag22aa,wcag258","http://0.0.0.0:8000/","<a id=""anchor-tag-with-href"" href=""/86.html"" role=""link"">                Anchor tag with href to page 86            </a>","Fix any of the following:   Target has insufficient size (1904px by 18.5px, should be at least 24px by 24px)   Target has insufficient space to its closest neighbors. Safe clickable space has a diameter of 13px instead of at least 24px.","serious","a[href$=""86.html""]","https://dequeuniversity.com/rules/axe/4.9/target-size?application=purple-a11y"
"mustFix","target-size","All touch targets must be 24px large, or leave sufficient space","wcag22aa,wcag258","http://0.0.0.0:8000/","<a id=""anchor-tag-with-href"" href=""/87.html"" role=""link"">                Anchor tag with href to page 87            </a>","Fix any of the following:   Target has insufficient size (1904px by 18.5px, should be at least 24px by 24px)   Target has insufficient space to its closest neighbors. Safe clickable space has a diameter of 13px instead of at least 24px.","serious","a[href$=""87.html""]","https://dequeuniversity.com/rules/axe/4.9/target-size?application=purple-a11y"
"mustFix","target-size","All touch targets must be 24px large, or leave sufficient space","wcag22aa,wcag258","http://0.0.0.0:8000/","<a id=""anchor-tag-with-href"" href=""/88.html"" role=""link"">                Anchor tag with href to page 88            </a>","Fix any of the following:   Target has insufficient size (1904px by 18.5px, should be at least 24px by 24px)   Target has insufficient space to its closest neighbors. Safe clickable space has a diameter of 13px instead of at least 24px.","serious","a[href$=""88.html""]","https://dequeuniversity.com/rules/axe/4.9/target-size?application=purple-a11y"
"mustFix","target-size","All touch targets must be 24px large, or leave sufficient space","wcag22aa,wcag258","http://0.0.0.0:8000/","<a id=""anchor-tag-with-href"" href=""/89.html"" role=""link"">                Anchor tag with href to page 89            </a>","Fix any of the following:   Target has insufficient size (1904px by 18.5px, should be at least 24px by 24px)   Target has insufficient space to its closest neighbors. Safe clickable space has a diameter of 13px instead of at least 24px.","serious","a[href$=""89.html""]","https://dequeuniversity.com/rules/axe/4.9/target-size?application=purple-a11y"
"mustFix","target-size","All touch targets must be 24px large, or leave sufficient space","wcag22aa,wcag258","http://0.0.0.0:8000/","<a id=""anchor-tag-with-href"" href=""/90.html"" role=""link"">                Anchor tag with href to page 90            </a>","Fix any of the following:   Target has insufficient size (1904px by 18.5px, should be at least 24px by 24px)   Target has insufficient space to its closest neighbors. Safe clickable space has a diameter of 13px instead of at least 24px.","serious","a[href$=""90.html""]","https://dequeuniversity.com/rules/axe/4.9/target-size?application=purple-a11y"
"goodToFix","region","All page content should be contained by landmarks","best-practice","http://0.0.0.0:8000/","<table border=""1"">","Fix any of the following:   Some page content is not contained by landmarks","moderate","table","https://dequeuniversity.com/rules/axe/4.9/region?application=purple-a11y"
"goodToFix","region","All page content should be contained by landmarks","best-practice","http://0.0.0.0:8000/","<p>*Note for devs: To ensure this website only has ~100 pages, when adding more test cases, please remove links from        the ""More anchor tags"" section accordingly, &amp; update sitemaps accordingly if needed</p>","Fix any of the following:   Some page content is not contained by landmarks","moderate","p","https://dequeuniversity.com/rules/axe/4.9/region?application=purple-a11y"